{
	"pattrstorage" : 	{
		"name" : "markov-fm",
		"slots" : 		{
			"1" : 			{
				"id" : 1,
				"data" : 				{
					"bpm" : [ 200 ],
					"fmkick[1]::harmonic" : [ 20 ],
					"fmkick[1]::function" : [ 30.0, 0.0, 1.0, 0.0, 0.0, 0, 0.319148936170213, 0.706666666666667, 0, 2.393617021276596, 0.053333333333333, 0, 30.0, 0.0, 0, "linear" ],
					"fmkick[1]::function[1]" : [ 1000.0, 0.0, 1.0, 0.0, 0.0, 0, 12.411347517730698, 0.746666666666667, 0, 76.241134751773259, 1.0, 0, 113.475177304964745, 0.346666666666667, 0, 304.964539007092412, 0.04, 0, "linear" ],
					"fmkick[1]::function[2]" : [ 30.0, 0.0, 1.0, 0.0, 0.0, 0, 1.595744680851064, 0.826666666666667, 0, 2.872340425531915, 0.013333333333333, 0, 30.0, 0.0, 0, "linear" ],
					"fmhigh[1]::harmonic" : [ 13 ],
					"fmhigh[1]::function" : [ 30.0, 0.0, 1.0, 0.0, 0.0, 0, 0.319148936170213, 1.0, 0, 3.51063829787234, 1.0, 0, 5.74468085106383, 1.0, 0, 11.329787234042554, 1.0, 0, 27.127659574468087, 0.0, 0, "linear" ],
					"fmhigh[1]::function[1]" : [ 200.0, 0.0, 1.0, 0.0, 0.0, 0, 30.851063829787233, 0.173333333333333, 0, 92.553191489361708, 0.946666666666667, 0, 143.61702127659575, 0.0, 0, "linear" ],
					"fmhigh[1]::function[2]" : [ 30.0, 0.0, 1.0, 0.0, 0.0, 0, 1.436170212765957, 1.0, 0, 3.51063829787234, 1.0, 0, 10.053191489361701, 0.693333333333333, 0, 17.393617021276597, 1.0, 0, 26.648936170212767, 0.866666666666667, 0, 30.0, 0.0, 0, "linear" ],
					"fmhigh[2]::harmonic" : [ 60 ],
					"fmhigh[2]::function" : [ 200.0, 0.0, 1.0, 0.0, 0.0, 0, 0.797872340425532, 0.386666666666667, 0, 3.98936170212766, 0.853333333333333, 0, 18.98936170212766, 0.84, 0, 51.063829787234042, 0.44, 0, 60.638297872340424, 0.066666666666667, 0, 73.40425531914893, 0.64, 0, 111.702127659574472, 0.0, 0, 144.680851063829778, 0.826666666666667, 0, 157.446808510638306, 0.826666666666667, 0, 160.638297872340416, 0.28, 0, 170.212765957446805, 0.813333333333333, 0, 182.978723404255305, 0.0, 0, "linear" ],
					"fmhigh[2]::function[1]" : [ 200.0, 0.0, 1.0, 0.0, 0.0, 0, 22.695035460992948, 0.573333333333333, 0, 66.312056737588691, 1.0, 0, 108.865248226950399, 0.226666666666667, 0, 200.0, 0.0, 0, "linear" ],
					"fmhigh[2]::function[2]" : [ 30.0, 0.0, 1.0, 0.0, 0.0, 0, 18.191489361702128, 1.0, 0, 18.191489361702128, 0.0, 0, 20.425531914893618, 0.986666666666667, 0, 22.180851063829788, 0.0, 0, 24.574468085106382, 0.826666666666667, 0, 27.925531914893618, 0.0, 0, 30.0, 1.0, 0, 30.0, 0.0, 0, "linear" ],
					"fmhigh[3]::harmonic" : [ 11 ],
					"fmhigh[3]::function" : [ 500.0, 0.0, 1.0, 0.0, 0.0, 0, 106.38297872340425, 0.0, 0, 106.38297872340425, 1.0, 0, 279.255319148936167, 0.16, 0, 393.617021276595722, 0.906666666666667, 0, 476.063829787234056, 0.0, 0, "linear" ],
					"fmhigh[3]::function[1]" : [ 1000.0, 0.0, 1.0, 0.0, 0.0, 0, 159.574468085106389, 0.906666666666667, 0, 329.787234042553166, 0.44, 0, 420.212765957446834, 0.04, 0, 627.659574468085111, 0.706666666666667, 0, 808.510638297872333, 0.0, 0, 1000.0, 0.0, 0, "linear" ],
					"markov::markov-row::u678002531" : [ 0 ],
					"markov::markov-row[1]::u678002531" : [ 1 ],
					"markov::markov-row[2]::u678002531" : [ 1 ],
					"markov::markov-row[3]::u678002531" : [ 2 ],
					"markov::markov-row[4]::u678002531" : [ 0 ],
					"markov::markov-row[5]::u678002531" : [ 1 ],
					"markov::markov-row[6]::u678002531" : [ 1 ],
					"markov::markov-row[7]::u678002531" : [ 1 ],
					"markov::markov-row[8]::u678002531" : [ 0 ],
					"markov::markov-row[9]::u678002531" : [ 1 ],
					"markov::markov-row[10]::u678002531" : [ 2 ],
					"markov::markov-row[11]::u678002531" : [ 6 ],
					"markov::markov-row[12]::u678002531" : [ 0 ],
					"markov::markov-row[13]::u678002531" : [ 3 ],
					"markov::markov-row[14]::u678002531" : [ 6 ],
					"markov::markov-row[15]::u678002531" : [ 6 ]
				}

			}
,
			"2" : 			{
				"id" : 2,
				"data" : 				{
					"bpm" : [ 200 ],
					"fmkick[1]::harmonic" : [ 3 ],
					"fmkick[1]::function" : [ 30.0, 0.0, 1.0, 0.0, 0.0, 0, 0.319148936170213, 0.706666666666667, 0, 2.393617021276596, 0.053333333333333, 0, 30.0, 0.0, 0, "linear" ],
					"fmkick[1]::function[1]" : [ 1000.0, 0.0, 1.0, 0.0, 0.0, 0, 28.368794326241336, 1.0, 0, 113.475177304964745, 0.346666666666667, 0, 182.624113475177523, 0.0, 0, "linear" ],
					"fmkick[1]::function[2]" : [ 30.0, 0.0, 1.0, 0.0, 0.0, 0, 1.436170212765957, 0.386666666666667, 0, 2.872340425531915, 0.013333333333333, 0, 30.0, 0.0, 0, "linear" ],
					"fmhigh[1]::harmonic" : [ 13 ],
					"fmhigh[1]::function" : [ 30.0, 0.0, 1.0, 0.0, 0.0, 0, 0.319148936170213, 1.0, 0, 3.51063829787234, 1.0, 0, 5.74468085106383, 1.0, 0, 11.329787234042554, 1.0, 0, 27.127659574468087, 0.0, 0, "linear" ],
					"fmhigh[1]::function[1]" : [ 200.0, 0.0, 1.0, 0.0, 0.0, 0, 30.851063829787233, 0.173333333333333, 0, 92.553191489361708, 0.946666666666667, 0, 143.61702127659575, 0.0, 0, "linear" ],
					"fmhigh[1]::function[2]" : [ 30.0, 0.0, 1.0, 0.0, 0.0, 0, 1.436170212765957, 1.0, 0, 3.51063829787234, 1.0, 0, 10.053191489361701, 0.693333333333333, 0, 17.393617021276597, 1.0, 0, 26.648936170212767, 0.866666666666667, 0, 30.0, 0.0, 0, "linear" ],
					"fmhigh[2]::harmonic" : [ 60 ],
					"fmhigh[2]::function" : [ 200.0, 0.0, 1.0, 0.0, 0.0, 0, 0.797872340425532, 0.386666666666667, 0, 3.98936170212766, 0.853333333333333, 0, 18.98936170212766, 0.84, 0, 51.063829787234042, 0.44, 0, 60.638297872340424, 0.066666666666667, 0, 73.40425531914893, 0.64, 0, 111.702127659574472, 0.0, 0, 144.680851063829778, 0.826666666666667, 0, 157.446808510638306, 0.826666666666667, 0, 160.638297872340416, 0.28, 0, 170.212765957446805, 0.813333333333333, 0, 182.978723404255305, 0.0, 0, "linear" ],
					"fmhigh[2]::function[1]" : [ 200.0, 0.0, 1.0, 0.0, 0.0, 0, 22.695035460992948, 0.573333333333333, 0, 66.312056737588691, 1.0, 0, 108.865248226950399, 0.226666666666667, 0, 200.0, 0.0, 0, "linear" ],
					"fmhigh[2]::function[2]" : [ 30.0, 0.0, 1.0, 0.0, 0.0, 0, 18.191489361702128, 1.0, 0, 18.191489361702128, 0.0, 0, 20.425531914893618, 0.986666666666667, 0, 22.180851063829788, 0.0, 0, 24.574468085106382, 0.826666666666667, 0, 27.925531914893618, 0.0, 0, 30.0, 1.0, 0, 30.0, 0.0, 0, "linear" ],
					"fmhigh[3]::harmonic" : [ 11 ],
					"fmhigh[3]::function" : [ 500.0, 0.0, 1.0, 0.0, 0.0, 0, 106.38297872340425, 0.0, 0, 106.38297872340425, 1.0, 0, 279.255319148936167, 0.16, 0, 393.617021276595722, 0.906666666666667, 0, 476.063829787234056, 0.0, 0, "linear" ],
					"fmhigh[3]::function[1]" : [ 1000.0, 0.0, 1.0, 0.0, 0.0, 0, 159.574468085106389, 0.906666666666667, 0, 329.787234042553166, 0.44, 0, 420.212765957446834, 0.04, 0, 627.659574468085111, 0.706666666666667, 0, 808.510638297872333, 0.0, 0, 1000.0, 0.0, 0, "linear" ],
					"markov::markov-row::u678002531" : [ 0 ],
					"markov::markov-row[1]::u678002531" : [ 1 ],
					"markov::markov-row[2]::u678002531" : [ 1 ],
					"markov::markov-row[3]::u678002531" : [ 2 ],
					"markov::markov-row[4]::u678002531" : [ 0 ],
					"markov::markov-row[5]::u678002531" : [ 1 ],
					"markov::markov-row[6]::u678002531" : [ 1 ],
					"markov::markov-row[7]::u678002531" : [ 1 ],
					"markov::markov-row[8]::u678002531" : [ 0 ],
					"markov::markov-row[9]::u678002531" : [ 1 ],
					"markov::markov-row[10]::u678002531" : [ 2 ],
					"markov::markov-row[11]::u678002531" : [ 6 ],
					"markov::markov-row[12]::u678002531" : [ 0 ],
					"markov::markov-row[13]::u678002531" : [ 3 ],
					"markov::markov-row[14]::u678002531" : [ 6 ],
					"markov::markov-row[15]::u678002531" : [ 6 ]
				}

			}

		}

	}

}
