{
	"pattrstorage" : 	{
		"name" : "u331001420",
		"slots" : 		{
			"1" : 			{
				"id" : 1,
				"data" : 				{
					"number" : [ 50.0 ],
					"number[1]" : [ 2.0 ],
					"function" : [ 100.0, 0.0, 1.0, 0.0, 0.0, 0, 1.595744680851064, 1.0, 0, 5.851063829787234, 0.066666666666667, 0, 100.0, 0.0, 0, "linear" ]
				}

			}
,
			"2" : 			{
				"id" : 2,
				"data" : 				{
					"number" : [ 50.0 ],
					"number[1]" : [ 5.0 ],
					"function" : [ 100.0, 0.0, 1.0, 0.0, 0.0, 0, 1.595744680851064, 1.0, 0, 17.553191489361701, 0.226666666666667, 0, 100.0, 0.0, 0, "linear" ]
				}

			}

		}

	}

}
