{
	"pattrstorage" : 	{
		"name" : "u331001420",
		"slots" : 		{
			"3" : 			{
				"id" : 3,
				"data" : 				{
					"function" : [ 100.0, 0.0, 1.0, 0.0, 0.0, 0, 1.595744680851064, 1.0, 0, 5.851063829787234, 0.066666666666667, 0, 27.127659574468087, 0.466666666666667, 0, 37.234042553191486, 0.013333333333333, 0, 86.170212765957444, 0.306666666666667, 0, 100.0, 0.0, 0, "linear" ],
					"number" : [ 50.0 ],
					"number[1]" : [ 2.0 ]
				}

			}

		}

	}

}
