{
	"pattrstorage" : 	{
		"name" : "u331001420",
		"slots" : 		{
			"1" : 			{
				"id" : 1,
				"data" : 				{
					"function" : [ 100.0, 0.0, 1.0, 0.0, 0.0, 0, 1.595744680851064, 1.0, 0, 10.638297872340425, 0.853333333333333, 0, 20.74468085106383, 0.2, 0, 37.234042553191486, 0.013333333333333, 0, 100.0, 0.0, 0, "linear" ],
					"number" : [ 45.0 ],
					"number[1]" : [ 1.3 ],
					"fmkick::1054transientvol" : [ 0 ],
					"fmkick::1054tailpitch" : [ 0 ],
					"kicklen" : [ 1000.0 ]
				}

			}
,
			"2" : 			{
				"id" : 2,
				"data" : 				{
					"function" : [ 100.0, 0.0, 1.0, 0.0, 0.0, 0, 1.595744680851064, 1.0, 0, 5.851063829787234, 0.066666666666667, 0, 27.127659574468087, 0.466666666666667, 0, 37.234042553191486, 0.013333333333333, 0, 69.148936170212764, 0.0, 0, 100.0, 0.0, 0, "linear" ],
					"number" : [ 50.0 ],
					"number[1]" : [ 2.0 ],
					"fmkick::1054transientvol" : [ 0.0 ],
					"fmkick::1054tailpitch" : [ 0.0 ],
					"kicklen" : [ 250.0 ]
				}

			}
,
			"3" : 			{
				"id" : 3,
				"data" : 				{
					"function" : [ 100.0, 0.0, 1.0, 0.0, 0.0, 0, 1.595744680851064, 1.0, 0, 5.851063829787234, 0.066666666666667, 0, 27.127659574468087, 0.466666666666667, 0, 37.234042553191486, 0.013333333333333, 0, 64.361702127659569, 0.48, 0, 84.042553191489361, 0.093333333333333, 0, 100.0, 0.0, 0, "linear" ],
					"number" : [ 50.0 ],
					"number[1]" : [ 2.4 ],
					"fmkick::1054transientvol" : [ 0 ],
					"fmkick::1054tailpitch" : [ 0 ],
					"kicklen" : [ 700.0 ]
				}

			}
,
			"4" : 			{
				"id" : 4,
				"data" : 				{
					"function" : [ 100.0, 0.0, 1.0, 0.0, 0.0, 0, 1.595744680851064, 1.0, 0, 5.851063829787234, 0.066666666666667, 0, 27.127659574468087, 0.466666666666667, 0, 37.234042553191486, 0.013333333333333, 0, 65.031914893617014, 0.4128, 0, 86.276595744680847, 0.080266666666666, 0, "linear" ],
					"number" : [ 50.0 ],
					"number[1]" : [ 2.344 ],
					"fmkick::1054transientvol" : [ 0 ],
					"fmkick::1054tailpitch" : [ 0 ],
					"kicklen" : [ 1000.0 ]
				}

			}

		}

	}

}
